Id,Name,Genre
1,ThrillerHorror,Crime
2,DetectiveThriller,Comedy
3,CrimeAction,Crime
4,ActionCrime,Mystery
5,DetectiveAction,Drama
6,ComedyHistory,Crime
7,MysteryComedy,Action
8,Sci-FiComedy,Action
9,MysteryAction,Horror
10,ThrillerHorror,Sci-Fi
11,HistorySci-Fi,Fantasy
12,ThrillerFantasy,Detective
13,ActionHistory,Horror
14,Sci-FiHorror,Thriller
15,ComedyComedy,Detective
16,Sci-FiAction,Drama
17,DetectiveDetective,History
18,HistoryThriller,History
19,HistoryHorror,Comedy
20,FantasyCrime,Crime
21,HistoryAction,History
22,MysteryAdventure,Drama
23,CrimeHorror,Detective
24,Sci-FiHistory,Adventure
25,Sci-FiMystery,Detective
26,HorrorDrama,Comedy
27,HistoryFantasy,Crime
28,ComedyHistory,Crime
29,CrimeSci-Fi,Crime
30,Sci-FiComedy,Action
31,ComedyThriller,Horror
32,ThrillerDetective,Sci-Fi
33,ComedyHistory,History
34,HistoryComedy,Fantasy
35,ThrillerAdventure,Horror
36,AdventureThriller,Horror
37,ActionCrime,Crime
38,FantasyThriller,Sci-Fi
39,CrimeDrama,Drama
40,HorrorDetective,Fantasy
41,ThrillerHorror,Sci-Fi
42,Sci-FiHorror,Sci-Fi
43,CrimeMystery,Detective
44,FantasyHistory,Sci-Fi
45,DramaDetective,Mystery
46,DramaMystery,Crime
47,MysteryHistory,Drama
48,Sci-FiDrama,Sci-Fi
49,HorrorMystery,Crime
50,MysteryAdventure,Horror
51,MysteryAdventure,Detective
52,DramaSci-Fi,Detective
53,Sci-FiDetective,History
54,Sci-FiHistory,Adventure
55,ThrillerFantasy,Mystery
56,AdventureCrime,Horror
57,FantasyHorror,History
58,AdventureAction,Drama
59,CrimeDrama,Crime
60,Sci-FiThriller,Thriller
61,HistoryHorror,Adventure
62,HistoryComedy,Thriller
63,AdventureAdventure,Drama
64,ActionHistory,Horror
65,HorrorDetective,Action
66,DramaThriller,Mystery
67,ComedyThriller,Sci-Fi
68,FantasyHistory,Drama
69,AdventureThriller,Action
70,ComedyHorror,Action
71,HistoryDetective,Action
72,HistoryMystery,Drama
73,MysteryAdventure,Sci-Fi
74,ComedyAdventure,Sci-Fi
75,ComedyDrama,History
76,HorrorHistory,Sci-Fi
77,DetectiveDetective,Drama
78,ThrillerSci-Fi,Comedy
79,AdventureFantasy,Detective
80,MysteryAdventure,Detective
81,HorrorCrime,Thriller
82,HistoryMystery,Thriller
83,DetectiveFantasy,Thriller
84,DetectiveMystery,Adventure
85,ComedyDrama,Detective
86,ActionThriller,History
87,AdventureHistory,Sci-Fi
88,DetectiveComedy,Sci-Fi
89,ComedyHistory,Horror
90,DetectiveComedy,Thriller
91,DramaFantasy,Adventure
92,HistoryHistory,Drama
93,MysteryAdventure,Comedy
94,ThrillerDetective,Sci-Fi
95,CrimeSci-Fi,Comedy
96,CrimeComedy,Mystery
97,CrimeSci-Fi,Fantasy
98,FantasyDetective,Fantasy
99,FantasyDetective,Crime
100,CrimeComedy,Drama
101,HistoryAdventure,Drama
102,AdventureSci-Fi,Detective
103,DetectiveCrime,History
104,DramaFantasy,Drama
105,ThrillerMystery,Thriller
106,ThrillerThriller,Detective
107,DramaHistory,Sci-Fi
108,DetectiveSci-Fi,History
109,ComedyAdventure,Crime
110,DramaHorror,Action
111,Sci-FiDetective,Horror
112,CrimeFantasy,Crime
113,MysteryFantasy,Adventure
114,ComedySci-Fi,Thriller
115,ComedyAdventure,Detective
116,HorrorSci-Fi,Drama
117,DramaSci-Fi,History
118,AdventureCrime,Action
119,ComedySci-Fi,Action
120,CrimeDetective,Sci-Fi
121,ComedyHistory,Crime
122,CrimeCrime,Comedy
123,AdventureAdventure,Drama
124,CrimeHorror,History
125,DramaCrime,Drama
126,HistoryCrime,Mystery
127,MysteryDetective,Mystery
128,HistoryDrama,Thriller
129,ThrillerSci-Fi,Sci-Fi
130,ComedyHistory,Horror
131,DramaAction,Crime
132,MysteryCrime,Thriller
133,ThrillerHorror,Detective
134,ActionCrime,Horror
135,MysteryAdventure,Horror
136,FantasyThriller,Crime
137,HorrorThriller,Action
138,Sci-FiDetective,Crime
139,HistoryDrama,Detective
140,DetectiveThriller,Mystery
141,HistoryAction,Crime
142,DramaAdventure,Crime
143,ActionFantasy,Sci-Fi
144,CrimeHorror,Thriller
145,DetectiveComedy,Mystery
146,ActionAdventure,Thriller
147,HorrorDrama,Horror
148,CrimeDetective,Adventure
149,AdventureThriller,Comedy
150,DramaHistory,Horror
151,ThrillerSci-Fi,Comedy
152,AdventureCrime,Mystery
153,DetectiveMystery,Horror
154,MysteryMystery,Action
155,MysteryDetective,Comedy
156,DetectiveComedy,Fantasy
157,HorrorFantasy,History
158,DetectiveAdventure,Crime
159,ActionComedy,Crime
160,HorrorHorror,Mystery
161,HistoryCrime,Crime
162,HistoryThriller,Drama
163,CrimeHistory,Adventure
164,ThrillerFantasy,Drama
165,DramaSci-Fi,Fantasy
166,ThrillerHorror,Sci-Fi
167,DramaThriller,Action
168,FantasyAdventure,Thriller
169,CrimeHorror,Comedy
170,MysteryDrama,Action
171,MysteryHistory,Drama
172,CrimeDetective,Action
173,AdventureAction,Action
174,ComedySci-Fi,Horror
175,ComedyThriller,Drama
176,ActionMystery,Fantasy
177,MysteryThriller,Comedy
178,HistoryHorror,Drama
179,HorrorAdventure,Mystery
180,Sci-FiAction,Comedy
181,Sci-FiAction,Fantasy
182,DramaDetective,Drama
183,DetectiveComedy,Comedy
184,HistoryDetective,Mystery
185,HistoryDrama,Comedy
186,CrimeHistory,Thriller
187,DramaDetective,Crime
188,DetectiveThriller,Comedy
189,DramaSci-Fi,Mystery
190,ComedyDrama,Mystery
191,FantasyCrime,Fantasy
192,HistoryCrime,Action
193,CrimeDetective,Action
194,ActionAdventure,Detective
195,FantasyAction,Horror
196,ThrillerAdventure,Mystery
197,HorrorFantasy,Fantasy
198,HorrorMystery,Detective
199,AdventureAction,Drama
200,CrimeHorror,Comedy
201,HistoryThriller,History
202,HistorySci-Fi,Adventure
203,ThrillerAdventure,Sci-Fi
204,ThrillerCrime,Adventure
205,ComedyThriller,Sci-Fi
206,ActionSci-Fi,Mystery
207,MysteryAdventure,Thriller
208,FantasyCrime,Mystery
209,Sci-FiComedy,Comedy
210,MysteryCrime,Action
211,CrimeAction,History
212,CrimeFantasy,Thriller
213,ThrillerMystery,Comedy
214,DramaComedy,Horror
215,MysteryDetective,Fantasy
216,DetectiveThriller,Mystery
217,ActionThriller,Sci-Fi
218,HorrorMystery,Drama
219,Sci-FiThriller,Mystery
220,ThrillerCrime,Sci-Fi
221,ComedyHistory,Drama
222,ComedyHistory,Drama
223,ActionHistory,Sci-Fi
224,HorrorHistory,Fantasy
225,Sci-FiDetective,Drama
226,AdventureMystery,Thriller
227,HorrorHorror,Comedy
228,ThrillerAdventure,History
229,Sci-FiDetective,Detective
230,FantasyAction,Horror
231,ActionThriller,Action
232,HorrorComedy,Detective
233,MysteryHistory,History
234,DramaHistory,Horror
235,CrimeHistory,Horror
236,DetectiveMystery,Detective
237,ActionCrime,Adventure
238,ThrillerComedy,Sci-Fi
239,ComedyCrime,Horror
240,ActionComedy,Comedy
241,HistoryDrama,Fantasy
242,ActionThriller,History
243,DetectiveDetective,Crime
244,CrimeSci-Fi,Action
245,FantasySci-Fi,Action
246,ComedyHistory,History
247,ComedyDetective,Adventure
248,CrimeAction,Horror
249,HistoryHistory,Thriller
250,Sci-FiAdventure,History
251,DetectiveAction,History
252,MysteryAction,Detective
253,Sci-FiHorror,Mystery
254,HorrorHistory,Crime
255,ComedyMystery,Sci-Fi
256,MysteryFantasy,Action
257,HorrorSci-Fi,Fantasy
258,HistoryAdventure,Adventure
259,FantasyMystery,Horror
260,MysteryAdventure,Thriller
261,DetectiveDetective,History
262,Sci-FiAdventure,Comedy
263,MysteryDetective,Fantasy
264,FantasyDetective,Horror
265,HistoryFantasy,Fantasy
266,ActionHorror,History
267,DramaCrime,Detective
268,DramaCrime,Sci-Fi
269,AdventureMystery,Horror
270,DramaCrime,Thriller
271,Sci-FiThriller,Thriller
272,ActionHorror,Crime
273,MysteryMystery,Thriller
274,ActionDetective,Adventure
275,AdventureSci-Fi,Comedy
276,CrimeCrime,Comedy
277,ThrillerHorror,Thriller
278,HistoryFantasy,Crime
279,ActionThriller,History
280,HistoryThriller,History
281,AdventureHorror,Comedy
282,MysterySci-Fi,Sci-Fi
283,ComedyComedy,Mystery
284,ThrillerAction,Sci-Fi
285,DramaCrime,Adventure
286,DramaThriller,Comedy
287,CrimeHorror,Thriller
288,DetectiveAdventure,Adventure
289,AdventureCrime,History
290,MysterySci-Fi,Comedy
291,HorrorMystery,Adventure
292,HistoryCrime,History
293,Sci-FiDrama,Action
294,Sci-FiSci-Fi,Comedy
295,DetectiveHorror,Fantasy
296,DramaMystery,Fantasy
297,ActionAction,Thriller
298,ComedyHistory,Comedy
299,DetectiveHorror,Sci-Fi
300,Sci-FiAdventure,Horror
301,ActionSci-Fi,Adventure
302,HistoryAction,Sci-Fi
303,ComedyHorror,Horror
304,Sci-FiAction,Sci-Fi
305,HistoryDrama,Thriller
306,MysteryAdventure,Detective
307,Sci-FiHistory,Horror
308,DetectiveDrama,Horror
309,Sci-FiDrama,Detective
310,ComedyCrime,Sci-Fi
311,HistoryMystery,Drama
312,Sci-FiHorror,Action
313,MysteryCrime,Sci-Fi
314,Sci-FiDrama,Fantasy
315,HorrorFantasy,Fantasy
316,ThrillerComedy,Comedy
317,DetectiveFantasy,Sci-Fi
318,MysteryMystery,Drama
319,ComedyDetective,Action
320,MysterySci-Fi,Mystery
321,DramaThriller,Comedy
322,MysteryThriller,Thriller
323,MysteryAdventure,Fantasy
324,DetectiveSci-Fi,Fantasy
325,DetectiveSci-Fi,Thriller
326,FantasyThriller,Thriller
327,DetectiveHistory,Comedy
328,MysteryHorror,Mystery
329,HorrorAdventure,Thriller
330,MysteryAction,Action
331,ComedyMystery,Comedy
332,AdventureHistory,Drama
333,ComedyAction,Detective
334,DetectiveDetective,Fantasy
335,Sci-FiMystery,Crime
336,AdventureThriller,Fantasy
337,CrimeComedy,Sci-Fi
338,ComedyHorror,Action
339,FantasyDetective,Sci-Fi
340,AdventureComedy,Detective
341,AdventureHistory,Thriller
342,CrimeThriller,Thriller
343,ThrillerFantasy,Adventure
344,ComedyDrama,Thriller
345,ThrillerDrama,Detective
346,Sci-FiAdventure,History
347,Sci-FiHistory,Crime
348,ActionComedy,Thriller
349,MysteryComedy,Thriller
350,ComedyCrime,Thriller
351,AdventureHistory,Crime
352,FantasyCrime,History
353,AdventureDrama,Crime
354,ActionThriller,Action
355,CrimeAction,History
356,Sci-FiMystery,Horror
357,HorrorAction,Drama
358,MysteryAdventure,Action
359,ComedyDetective,History
360,MysteryAdventure,Mystery
361,DramaHistory,Adventure
362,MysteryMystery,Crime
363,MysteryCrime,Thriller
364,HorrorHorror,Horror
365,HistoryComedy,Action
366,DetectiveHorror,Sci-Fi
367,MysteryAdventure,Detective
368,ActionMystery,Action
369,DramaCrime,Adventure
370,DetectiveCrime,Sci-Fi
371,FantasyDetective,Action
372,CrimeAdventure,Fantasy
373,ComedyThriller,Comedy
374,HistoryDetective,Detective
375,ComedyThriller,Thriller
376,AdventureMystery,Thriller
377,MysteryMystery,Crime
378,ActionFantasy,Sci-Fi
379,CrimeAdventure,Comedy
380,ActionDrama,Thriller
381,Sci-FiDetective,Action
382,CrimeDrama,Thriller
383,HistoryAction,Drama
384,CrimeMystery,Comedy
385,ThrillerAction,Sci-Fi
386,Sci-FiAdventure,Action
387,ThrillerSci-Fi,Drama
388,ActionMystery,History
389,DetectiveCrime,Horror
390,DetectiveComedy,Comedy
391,DetectiveAction,Detective
392,HistoryDetective,Action
393,AdventureComedy,Fantasy
394,FantasyHistory,Fantasy
395,FantasyDetective,Mystery
396,Sci-FiAdventure,Sci-Fi
397,ActionDetective,Thriller
398,CrimeComedy,Drama
399,FantasyThriller,Action
400,DetectiveComedy,Thriller
401,DetectiveHorror,History
402,HorrorAction,Drama
403,MysteryDrama,History
404,ActionCrime,Adventure
405,DramaSci-Fi,Adventure
406,HistoryAction,Drama
407,HorrorDrama,Comedy
408,MysteryHistory,Sci-Fi
409,MysteryDetective,Sci-Fi
410,HorrorCrime,Thriller
411,MysteryFantasy,Fantasy
412,ComedyDetective,Action
413,DramaSci-Fi,Fantasy
414,ComedyDrama,Adventure
415,FantasyDrama,Thriller
416,HistoryAction,Mystery
417,FantasyHorror,Fantasy
418,MysteryHorror,Sci-Fi
419,FantasyThriller,Fantasy
420,ComedyComedy,Sci-Fi
421,CrimeDrama,Action
422,ThrillerCrime,Adventure
423,AdventureThriller,Crime
424,MysteryFantasy,Drama
425,DetectiveAction,Horror
426,CrimeComedy,Mystery
427,ComedyAdventure,Detective
428,DetectiveDetective,Drama
429,ComedyFantasy,Thriller
430,Sci-FiThriller,Detective
431,ActionHistory,Detective
432,ComedyComedy,History
433,ThrillerSci-Fi,Detective
434,AdventureHorror,Action
435,CrimeCrime,History
436,AdventureHorror,Crime
437,HistoryHorror,Adventure
438,MysteryAction,Action
439,DramaThriller,History
440,Sci-FiComedy,Fantasy
441,DramaHorror,Mystery
442,HorrorAction,Sci-Fi
443,DetectiveDetective,Drama
444,FantasyThriller,Comedy
445,CrimeDrama,Fantasy
446,CrimeComedy,Fantasy
447,Sci-FiHorror,Horror
448,ThrillerMystery,Action
449,ActionDetective,Action
450,FantasyCrime,Crime
451,CrimeSci-Fi,History
452,ActionComedy,Fantasy
453,CrimeComedy,Adventure
454,AdventureDrama,Detective
455,FantasyDrama,Comedy
456,ThrillerAdventure,Fantasy
457,HistoryAdventure,Crime
458,AdventureAdventure,Adventure
459,DramaDetective,Action
460,ThrillerSci-Fi,Crime
461,AdventureAdventure,Horror
462,DramaAction,Drama
463,DetectiveFantasy,History
464,HorrorCrime,Horror
465,ActionDetective,Comedy
466,CrimeMystery,Adventure
467,DetectiveDetective,History
468,HorrorDrama,History
469,ActionFantasy,Action
470,Sci-FiAdventure,Drama
471,Sci-FiHorror,Action
472,FantasyDrama,Horror
473,ComedyCrime,Adventure
474,ActionThriller,Mystery
475,HorrorDetective,Sci-Fi
476,HorrorAction,Drama
477,ThrillerFantasy,Fantasy
478,ComedyThriller,Drama
479,ThrillerMystery,Horror
480,HistoryHistory,Crime
481,HistorySci-Fi,Thriller
482,DetectiveThriller,Comedy
483,ThrillerAdventure,Detective
484,DramaCrime,Crime
485,Sci-FiSci-Fi,Adventure
486,ThrillerAction,Horror
487,HorrorAdventure,Adventure
488,MysteryComedy,Sci-Fi
489,ActionSci-Fi,Crime
490,CrimeThriller,Adventure
491,ComedyDrama,Thriller
492,DetectiveDrama,Detective
493,CrimeComedy,History
494,MysteryHorror,Crime
495,ComedyMystery,Fantasy
496,ThrillerThriller,Sci-Fi
497,Sci-FiSci-Fi,Fantasy
498,MysteryAdventure,Fantasy
499,HistoryThriller,Crime
500,CrimeDrama,Action
501,Sci-FiDrama,Sci-Fi
502,FantasyAdventure,Drama
503,CrimeFantasy,Detective
504,HorrorFantasy,Action
505,MysteryCrime,History
506,ThrillerDetective,Crime
507,ComedyMystery,Crime
508,DramaDetective,Action
509,HistoryMystery,Comedy
510,ComedyThriller,Action
511,DramaAction,Thriller
512,ComedyAdventure,Sci-Fi
513,HistoryThriller,Sci-Fi
514,AdventureHistory,Action
515,CrimeHistory,Crime
516,AdventureHistory,Thriller
517,HorrorDetective,Mystery
518,AdventureSci-Fi,History
519,Sci-FiDrama,Drama
520,DetectiveThriller,Action
521,AdventureHistory,Sci-Fi
522,ComedyAdventure,Drama
523,HorrorFantasy,Thriller
524,AdventureFantasy,Sci-Fi
525,DetectiveComedy,Crime
526,FantasyComedy,Horror
527,FantasyAdventure,Sci-Fi
528,DetectiveThriller,Comedy
529,CrimeThriller,Comedy
530,FantasyFantasy,Action
531,CrimeThriller,Crime
532,MysteryMystery,Sci-Fi
533,CrimeDrama,Drama
534,ActionHorror,Horror
535,ActionMystery,Adventure
536,CrimeCrime,Comedy
537,CrimeAction,Fantasy
538,DetectiveMystery,Drama
539,DetectiveSci-Fi,Thriller
540,CrimeDrama,Adventure
541,HorrorCrime,Adventure
542,ThrillerComedy,Drama
543,DramaComedy,History
544,MysteryComedy,Comedy
545,AdventureComedy,Drama
546,HorrorAdventure,Thriller
547,Sci-FiCrime,Adventure
548,FantasySci-Fi,Action
549,DramaHistory,Drama
550,ThrillerHorror,Fantasy
551,ActionFantasy,Thriller
552,ThrillerThriller,Adventure
553,MysteryFantasy,Action
554,CrimeComedy,Drama
555,CrimeDrama,Drama
556,ComedyCrime,History
557,HistoryComedy,Adventure
558,MysteryComedy,Detective
559,ComedyDetective,Adventure
560,ComedyFantasy,Mystery
561,Sci-FiAdventure,Detective
562,ComedyFantasy,Thriller
563,AdventureThriller,History
564,ThrillerDrama,Action
565,DramaThriller,Crime
566,CrimeDrama,Mystery
567,HorrorCrime,Mystery
568,ActionThriller,Adventure
569,HistoryComedy,Mystery
570,MysteryComedy,Horror
571,ComedyComedy,Adventure
572,ActionMystery,Action
573,HistoryThriller,Comedy
574,ComedyMystery,Fantasy
575,DetectiveAdventure,Sci-Fi
576,ComedySci-Fi,Horror
577,CrimeComedy,Adventure
578,ComedyComedy,Adventure
579,HistoryCrime,Adventure
580,DramaAdventure,Sci-Fi
581,HorrorThriller,Detective
582,Sci-FiSci-Fi,Adventure
583,ActionMystery,History
584,HistorySci-Fi,Sci-Fi
585,HorrorDetective,Horror
586,DramaHistory,History
587,ComedyAction,Adventure
588,ThrillerHistory,Horror
589,HistorySci-Fi,Mystery
590,CrimeHorror,Action
591,ComedyDrama,Crime
592,ComedyHorror,Horror
593,ComedyAction,Horror
594,ActionAction,Crime
595,DramaDrama,Comedy
596,ComedyThriller,Action
597,ThrillerCrime,Mystery
598,CrimeHistory,Thriller
599,HorrorSci-Fi,Detective
600,FantasyThriller,Crime
601,DramaAction,Horror
602,DetectiveHistory,Fantasy
603,HorrorCrime,Detective
604,Sci-FiHorror,Comedy
605,Sci-FiFantasy,Adventure
606,ThrillerThriller,Action
607,AdventureSci-Fi,Detective
608,HistoryThriller,Horror
609,HistoryComedy,Horror
610,HorrorComedy,Adventure
611,ThrillerDetective,Detective
612,MysteryHistory,Sci-Fi
613,DetectiveDrama,Detective
614,ThrillerDrama,Drama
615,FantasyDrama,Action
616,ThrillerAction,Thriller
617,CrimeMystery,Fantasy
618,AdventureFantasy,Detective
619,MysteryDetective,Horror
620,HistoryComedy,Adventure
621,HistoryMystery,Action
622,ComedyFantasy,Fantasy
623,CrimeFantasy,Horror
624,HorrorMystery,Thriller
625,AdventureAction,Horror
626,ThrillerThriller,Horror
627,HistoryDetective,Horror
628,ComedySci-Fi,Action
629,HorrorThriller,Horror
630,HorrorHistory,Action
631,DramaComedy,Thriller
632,HorrorAction,Mystery
633,ComedyDetective,Action
634,CrimeAction,Thriller
635,HistoryAdventure,Comedy
636,Sci-FiDetective,Thriller
637,Sci-FiComedy,Thriller
638,FantasyHistory,Action
639,HistoryAction,Detective
640,MysteryComedy,History
641,FantasyDrama,Action
642,Sci-FiDrama,Horror
643,FantasyCrime,History
644,Sci-FiHistory,Drama
645,HorrorAdventure,Detective
646,HistoryComedy,Fantasy
647,HistoryDetective,Fantasy
648,DetectiveHorror,History
649,ComedyMystery,Mystery
650,DetectiveHorror,Action
651,AdventureDetective,Mystery
652,Sci-FiHistory,Drama
653,HistoryAdventure,Detective
654,ActionAction,Sci-Fi
655,DramaSci-Fi,Horror
656,AdventureAction,Comedy
657,Sci-FiDrama,Action
658,FantasyFantasy,Drama
659,ThrillerMystery,Detective
660,ComedyComedy,Sci-Fi
661,AdventureDrama,Action
662,AdventureThriller,History
663,FantasyHorror,Fantasy
664,ComedySci-Fi,Crime
665,CrimeAction,Horror
666,CrimeCrime,Drama
667,ActionMystery,Thriller
668,DetectiveMystery,Mystery
669,ThrillerComedy,Action
670,CrimeComedy,Sci-Fi
671,DramaAction,Crime
672,ComedyCrime,Thriller
673,Sci-FiDetective,Thriller
674,DramaDetective,Mystery
675,ThrillerAction,Sci-Fi
676,HorrorComedy,History
677,DetectiveHistory,Drama
678,ActionDrama,Mystery
679,ComedyComedy,Horror
680,MysterySci-Fi,Sci-Fi
681,ComedySci-Fi,Adventure
682,ActionThriller,Thriller
683,HorrorMystery,History
684,ActionThriller,Sci-Fi
685,ThrillerComedy,Adventure
686,ActionAction,Drama
687,FantasyCrime,History
688,CrimeCrime,Detective
689,FantasyHistory,Fantasy
690,HorrorHorror,Thriller
691,ThrillerMystery,Crime
692,FantasyAction,Crime
693,CrimeFantasy,Comedy
694,AdventureHistory,Detective
695,HorrorThriller,History
696,ActionHorror,Thriller
697,HistoryDetective,Sci-Fi
698,ThrillerAction,Horror
699,FantasyThriller,Action
700,Sci-FiSci-Fi,Mystery
701,ActionDrama,History
702,ThrillerSci-Fi,Horror
703,DramaAdventure,Action
704,ComedyHorror,Drama
705,FantasyHorror,Thriller
706,Sci-FiDetective,Adventure
707,HorrorCrime,Mystery
708,ActionThriller,Thriller
709,HistoryHorror,Action
710,DramaHistory,History
711,MysteryThriller,Detective
712,DetectiveMystery,Detective
713,MysteryHorror,Mystery
714,HistoryDetective,Action
715,DramaMystery,Action
716,MysteryThriller,Mystery
717,HistoryMystery,Sci-Fi
718,HistoryCrime,Sci-Fi
719,ActionDrama,History
720,AdventureDetective,Crime
721,DetectiveDrama,Mystery
722,AdventureHistory,Action
723,HorrorAction,Mystery
724,ComedyComedy,Horror
725,AdventureDetective,Adventure
726,Sci-FiMystery,Mystery
727,FantasySci-Fi,Detective
728,ComedyDetective,Thriller
729,MysterySci-Fi,Horror
730,Sci-FiDrama,Detective
731,ThrillerHorror,Sci-Fi
732,DramaHistory,Comedy
733,DetectiveCrime,Thriller
734,DetectiveSci-Fi,Horror
735,ThrillerSci-Fi,Adventure
736,Sci-FiDetective,Adventure
737,CrimeAction,Horror
738,MysteryDrama,Mystery
739,MysteryAdventure,Mystery
740,FantasyMystery,Detective
741,Sci-FiFantasy,Thriller
742,ThrillerSci-Fi,Comedy
743,ActionCrime,Thriller
744,FantasyComedy,Adventure
745,ThrillerThriller,Thriller
746,ThrillerCrime,Drama
747,DramaHorror,History
748,ThrillerAdventure,Fantasy
749,CrimeMystery,Drama
750,HistoryDrama,Comedy
751,ComedyComedy,Mystery
752,CrimeDrama,Sci-Fi
753,FantasyCrime,Sci-Fi
754,AdventureMystery,Action
755,ThrillerDetective,History
756,ActionThriller,Crime
757,ThrillerMystery,Crime
758,ThrillerThriller,Detective
759,ThrillerMystery,Drama
760,CrimeDetective,Detective
761,ThrillerAction,Drama
762,HorrorMystery,Horror
763,MysterySci-Fi,Mystery
764,ThrillerHorror,Crime
765,MysteryCrime,Crime
766,DramaAction,Horror
767,CrimeCrime,Adventure
768,DetectiveCrime,Comedy
769,ComedyDrama,Sci-Fi
770,HistoryThriller,Drama
771,Sci-FiAction,Mystery
772,MysteryFantasy,Horror
773,CrimeCrime,Thriller
774,DetectiveDetective,History
775,DramaSci-Fi,Thriller
776,ActionHistory,Action
777,ThrillerAction,Detective
778,HorrorFantasy,Sci-Fi
779,HistoryComedy,Action
780,HistoryDrama,Action
781,ActionFantasy,Horror
782,CrimeComedy,History
783,Sci-FiFantasy,Detective
784,AdventureHistory,Action
785,ActionHistory,Fantasy
786,ThrillerHistory,Detective
787,CrimeComedy,Sci-Fi
788,ThrillerAdventure,Drama
789,DetectiveAdventure,Sci-Fi
790,ComedyThriller,History
791,ActionDetective,Drama
792,FantasyDrama,Thriller
793,HistoryMystery,Adventure
794,HorrorAdventure,Comedy
795,HorrorAdventure,Comedy
796,ActionSci-Fi,Crime
797,ComedyMystery,Fantasy
798,DetectiveMystery,Adventure
799,Sci-FiDetective,Fantasy
800,DramaThriller,Detective
801,Sci-FiHistory,Horror
802,CrimeDrama,Detective
803,ActionCrime,Crime
804,ActionSci-Fi,Comedy
805,MysteryAction,Detective
806,Sci-FiComedy,Action
807,AdventureCrime,History
808,Sci-FiHorror,Fantasy
809,ActionDetective,Mystery
810,HorrorAction,Detective
811,DetectiveFantasy,Fantasy
812,DetectiveThriller,Action
813,DetectiveDetective,Drama
814,MysteryHorror,Fantasy
815,HorrorDrama,Action
816,DetectiveComedy,Crime
817,ActionDrama,Horror
818,ThrillerHorror,Adventure
819,DramaCrime,History
820,ThrillerHorror,Action
821,HistoryCrime,Mystery
822,FantasyAdventure,Fantasy
823,ComedyAction,Mystery
824,DramaAdventure,Horror
825,DetectiveDetective,Action
826,CrimeAction,Horror
827,DetectiveHistory,History
828,CrimeComedy,Adventure
829,ThrillerDetective,Detective
830,DetectiveAction,Adventure
831,ThrillerThriller,Horror
832,MysteryAction,Fantasy
833,ThrillerAdventure,Adventure
834,ComedyComedy,Mystery
835,ActionHorror,Sci-Fi
836,DramaAdventure,Comedy
837,Sci-FiThriller,Action
838,ThrillerAdventure,Crime
839,CrimeDrama,Crime
840,MysteryComedy,Drama
841,DramaAction,Adventure
842,DetectiveFantasy,Action
843,Sci-FiCrime,Fantasy
844,ComedyComedy,History
845,HorrorThriller,Crime
846,DetectiveHorror,Mystery
847,HistorySci-Fi,Detective
848,CrimeAdventure,Sci-Fi
849,FantasyHistory,Crime
850,MysteryHistory,Action
851,HorrorHistory,Fantasy
852,MysterySci-Fi,Mystery
853,ThrillerAction,Fantasy
854,AdventureCrime,Horror
855,HistorySci-Fi,Mystery
856,HistorySci-Fi,Fantasy
857,Sci-FiThriller,Horror
858,CrimeHistory,Horror
859,HistoryThriller,Action
860,CrimeAction,Crime
861,ThrillerAdventure,Sci-Fi
862,ThrillerSci-Fi,Adventure
863,Sci-FiComedy,Fantasy
864,AdventureDrama,Action
865,AdventureAction,Thriller
866,HorrorHorror,Adventure
867,ActionMystery,Action
868,ActionSci-Fi,Mystery
869,Sci-FiAdventure,Fantasy
870,DetectiveDetective,Sci-Fi
871,ThrillerDrama,Action
872,CrimeComedy,History
873,FantasyFantasy,Horror
874,CrimeDetective,Adventure
875,DetectiveComedy,Sci-Fi
876,ComedyThriller,Detective
877,CrimeAdventure,Thriller
878,DramaAction,Horror
879,DramaAction,Action
880,DetectiveMystery,Thriller
881,ThrillerAction,Sci-Fi
882,ThrillerHistory,Action
883,HorrorDetective,Mystery
884,HorrorAdventure,Crime
885,FantasyMystery,Thriller
886,ComedyHistory,Mystery
887,FantasyComedy,Detective
888,HistoryHorror,Mystery
889,ComedyComedy,Comedy
890,ComedyHistory,Drama
891,AdventureDetective,Drama
892,MysteryHistory,Fantasy
893,HorrorAdventure,Fantasy
894,AdventureDetective,Crime
895,ActionAdventure,Fantasy
896,FantasySci-Fi,History
897,ComedyHistory,Action
898,ActionHorror,Comedy
899,HorrorComedy,Adventure
900,DramaDetective,Horror
901,DramaCrime,Sci-Fi
902,AdventureCrime,Crime
903,MysteryHorror,Crime
904,ActionSci-Fi,Fantasy
905,CrimeHorror,History
906,DetectiveSci-Fi,Sci-Fi
907,Sci-FiDetective,Drama
908,CrimeFantasy,Sci-Fi
909,ActionComedy,Thriller
910,ActionMystery,Adventure
911,CrimeDetective,Adventure
912,ComedyFantasy,Sci-Fi
913,ComedyHorror,Thriller
914,CrimeMystery,Adventure
915,AdventureAction,Sci-Fi
916,ComedyMystery,Detective
917,AdventureDetective,Horror
918,ComedyAdventure,Drama
919,ThrillerSci-Fi,Detective
920,MysteryCrime,Detective
921,MysteryComedy,Horror
922,ThrillerSci-Fi,Comedy
923,HorrorDrama,Sci-Fi
924,HistoryHorror,Fantasy
925,DetectiveDetective,Mystery
926,MysteryAdventure,Thriller
927,HistoryAdventure,Adventure
928,CrimeDetective,Fantasy
929,DramaDrama,Sci-Fi
930,ActionMystery,Drama
931,ActionFantasy,Fantasy
932,FantasyFantasy,Fantasy
933,AdventureDetective,History
934,DetectiveCrime,Action
935,AdventureAdventure,Action
936,DetectiveComedy,Thriller
937,FantasyHorror,Horror
938,AdventureMystery,Detective
939,DetectiveSci-Fi,Action
940,HistoryHorror,Mystery
941,ActionFantasy,Comedy
942,CrimeHistory,Adventure
943,ActionComedy,Fantasy
944,CrimeDetective,Detective
945,HorrorHistory,Crime
946,ThrillerDrama,Adventure
947,HorrorHorror,Fantasy
948,HorrorComedy,Crime
949,MysteryThriller,Thriller
950,ThrillerCrime,Action
951,ThrillerThriller,Crime
952,MysteryFantasy,Crime
953,ThrillerComedy,Crime
954,CrimeMystery,Crime
955,CrimeThriller,Fantasy
956,Sci-FiAction,Action
957,HistoryComedy,Comedy
958,ComedyHorror,Detective
959,MysteryFantasy,History
960,ComedyAction,Detective
961,Sci-FiAction,Action
962,DetectiveComedy,Horror
963,HorrorDrama,History
964,FantasySci-Fi,Action
965,DramaFantasy,Thriller
966,ThrillerThriller,Horror
967,Sci-FiDrama,Adventure
968,HorrorComedy,Comedy
969,ActionDrama,Drama
970,CrimeThriller,Adventure
971,ThrillerAdventure,Adventure
972,DetectiveDetective,Horror
973,AdventureAction,Drama
974,ThrillerAdventure,Adventure
975,ThrillerCrime,Comedy
976,ActionComedy,Mystery
977,ActionDrama,Action
978,AdventureComedy,Thriller
979,ActionMystery,Adventure
980,HorrorSci-Fi,Action
981,DetectiveAdventure,Drama
982,ThrillerDrama,Comedy
983,ActionCrime,Comedy
984,FantasyAdventure,Mystery
985,CrimeDetective,Sci-Fi
986,DetectiveAdventure,Comedy
987,CrimeAction,Drama
988,FantasyAction,Thriller
989,DetectiveFantasy,Mystery
990,FantasyDrama,Detective
991,ActionFantasy,Sci-Fi
992,DetectiveMystery,Sci-Fi
993,HistoryThriller,Crime
994,DramaSci-Fi,Adventure
995,FantasyDetective,Crime
996,AdventureAction,Fantasy
997,AdventureHorror,Crime
998,ActionCrime,Thriller
999,HistoryHorror,Sci-Fi
1000,HorrorMystery,Comedy
